UnixTimestamp,EpochNumber,TxHash,TxLogIndex,From,From_AddressName,To,To_AddressName,Quantity,DateTime
1767492286,19705812,0x651ab6fef2027b8afe21033a63434b18c997e301eee6faca6c6417f4d70ea0ab,767181,0xfed48a76661a5ce0c8f446dc1bfdba2cb3e58458,,0x353663cd664bb3e034dc0f308d8896c0a242e4cd,,0.449988165,2026/01/04 10:04:46
1767492286,19705812,0x651ab6fef2027b8afe21033a63434b18c997e301eee6faca6c6417f4d70ea0ab,767180,0xfed48a76661a5ce0c8f446dc1bfdba2cb3e58458,,0x353663cd664bb3e034dc0f308d8896c0a242e4cd,,990000,2026/01/04 10:04:46
1767492286,19705812,0x651ab6fef2027b8afe21033a63434b18c997e301eee6faca6c6417f4d70ea0ab,767179,0x353663cd664bb3e034dc0f308d8896c0a242e4cd,,0xfed48a76661a5ce0c8f446dc1bfdba2cb3e58458,,5000000,2026/01/04 10:04:46
1767492277,19705796,0x382459c30ac6f469b65ee3deab530550ef35777a61265c7f16a67393cc9538d1,767178,0xfed48a76661a5ce0c8f446dc1bfdba2cb3e58458,,0x353663cd664bb3e034dc0f308d8896c0a242e4cd,,0.699995625,2026/01/04 10:04:37
1767492277,19705796,0x382459c30ac6f469b65ee3deab530550ef35777a61265c7f16a67393cc9538d1,767177,0xfed48a76661a5ce0c8f446dc1bfdba2cb3e58458,,0x353663cd664bb3e034dc0f308d8896c0a242e4cd,,990000,2026/01/04 10:04:37
1767492277,19705796,0x382459c30ac6f469b65ee3deab530550ef35777a61265c7f16a67393cc9538d1,767176,0x353663cd664bb3e034dc0f308d8896c0a242e4cd,,0xfed48a76661a5ce0c8f446dc1bfdba2cb3e58458,,5000000,2026/01/04 10:04:37
1767492263,19705771,0xb0ce9477421caa4ebce3138dff0d34809822cd1008611d389941e5199bbf2e83,767175,0xfed48a76661a5ce0c8f446dc1bfdba2cb3e58458,,0x353663cd664bb3e034dc0f308d8896c0a242e4cd,,0.64999694,2026/01/04 10:04:23
1767492263,19705771,0xb0ce9477421caa4ebce3138dff0d34809822cd1008611d389941e5199bbf2e83,767174,0xfed48a76661a5ce0c8f446dc1bfdba2cb3e58458,,0x353663cd664bb3e034dc0f308d8896c0a242e4cd,,990000,2026/01/04 10:04:23
1767492263,19705771,0xb0ce9477421caa4ebce3138dff0d34809822cd1008611d389941e5199bbf2e83,767173,0x353663cd664bb3e034dc0f308d8896c0a242e4cd,,0xfed48a76661a5ce0c8f446dc1bfdba2cb3e58458,,5000000,2026/01/04 10:04:23
1767492250,19705747,0x70b6942071cd066df3936b3feeb43872ca89104f5adf82ff347017b952b95114,767172,0xfed48a76661a5ce0c8f446dc1bfdba2cb3e58458,,0x353663cd664bb3e034dc0f308d8896c0a242e4cd,,990000,2026/01/04 10:04:10
1767492250,19705747,0x70b6942071cd066df3936b3feeb43872ca89104f5adf82ff347017b952b95114,767171,0x353663cd664bb3e034dc0f308d8896c0a242e4cd,,0xfed48a76661a5ce0c8f446dc1bfdba2cb3e58458,,5000000,2026/01/04 10:04:10
1767492209,19705673,0x259c742e430c71c809f52aa37b35e257d23a533f84b043b02374dd0f94d3a512,767162,0x353663cd664bb3e034dc0f308d8896c0a242e4cd,,0xfed48a76661a5ce0c8f446dc1bfdba2cb3e58458,,2000000,2026/01/04 10:03:29
1767491922,19705164,0x4b8fa9ce8d4be6b2c0b0bda5dcde46fa1dae9924348ad19d1f31ef416db28462,767155,0xbc8116cf86d32a371a730531b0946aeba1052592,,0x353663cd664bb3e034dc0f308d8896c0a242e4cd,,1980000,2026/01/04 09:58:42
1767491922,19705164,0x4b8fa9ce8d4be6b2c0b0bda5dcde46fa1dae9924348ad19d1f31ef416db28462,767154,0x353663cd664bb3e034dc0f308d8896c0a242e4cd,,0xbc8116cf86d32a371a730531b0946aeba1052592,,10000000,2026/01/04 09:58:42
1767491903,19705130,0x3d0246acffce78768c1fb87ebc5335063dc44f4ad8d2cb2f59ae09784d343266,767153,0x353663cd664bb3e034dc0f308d8896c0a242e4cd,,0xbc8116cf86d32a371a730531b0946aeba1052592,,1000000,2026/01/04 09:58:23
1767424961,19586070,0x967444a84c37ecd8ea6ab793c1d17b7edaaa800a990d6f564004826ee0951369,766366,0x353663cd664bb3e034dc0f308d8896c0a242e4cd,,0x0fb1f8ddb86325935ee37390a1faf695587d8539,,100000,2026/01/03 15:22:41
1767424909,19585976,0xba91edf8e1e5334a63791983033b58983428e0eed0dcf0ddca4adf275917734a,766337,0x353663cd664bb3e034dc0f308d8896c0a242e4cd,,0x0fb1f8ddb86325935ee37390a1faf695587d8539,,10000000,2026/01/03 15:21:49
1767165295,19124671,0xbec48524dd3105c1784d8b559262c2d0d30b1604ee07e28a0a3f0593a9ee68cb,759019,0x4c0326eb8772cd8af465e8f3d9d455a4ac17eb34,Uniswap V2,0x353663cd664bb3e034dc0f308d8896c0a242e4cd,,0.996,2025/12/31 15:14:55
1767160158,19116663,0xab06e3a20d45696661146acc78588c0ed8cfdb8442ec1b37e901ab573fa47eb0,758949,0x353663cd664bb3e034dc0f308d8896c0a242e4cd,,0x4c0326eb8772cd8af465e8f3d9d455a4ac17eb34,Uniswap V2,1000,2025/12/31 13:49:18
1767159904,19116267,0xa016fb65e2073357c76be201bd76d3b14ab9e0e1bdd44356906fc62b483f9f89,758940,0x0000000000000000000000000000000000000000,,0x353663cd664bb3e034dc0f308d8896c0a242e4cd,,1000000000,2025/12/31 13:45:04
